params,frequency,run,hinted_latency,default_latency,confidence,plan_id,plan_content
"['production companies', 'votes', '%(%', '%c%', '%t%']",1,median,84.90800857543945,202.32295989990234,0.5426275,12,/*+  SeqScan(mc) SeqScan(ct) SeqScan(mi_idx) SeqScan(it) IndexScan(t title_pkey) HashJoin(mc ct) HashJoin(mi_idx it) HashJoin(mc ct mi_idx it) NestLoop(mc ct mi_idx it t) Leading((((mc ct) (mi_idx it)) t)) */
"['distributors', 'rating', '%e%', '%e%', '%(%']",1,median,262.9437446594238,420.137882232666,0.5317005,12,/*+  SeqScan(mc) SeqScan(ct) SeqScan(mi_idx) SeqScan(it) IndexScan(t title_pkey) HashJoin(mc ct) HashJoin(mi_idx it) HashJoin(mc ct mi_idx it) NestLoop(mc ct mi_idx it t) Leading((((mc ct) (mi_idx it)) t)) */
"['distributors', 'votes', '%:%', '%(%', '%)%']",1,median,436.7823600769043,623.0473518371582,0.54149246,12,/*+  SeqScan(mc) SeqScan(ct) SeqScan(mi_idx) SeqScan(it) IndexScan(t title_pkey) HashJoin(mc ct) HashJoin(mi_idx it) HashJoin(mc ct mi_idx it) NestLoop(mc ct mi_idx it t) Leading((((mc ct) (mi_idx it)) t)) */
"['production companies', 'rating', '%)%', '%a%', '%i%']",1,median,85.5712890625,202.76427268981934,0.52641135,12,/*+  SeqScan(mc) SeqScan(ct) SeqScan(mi_idx) SeqScan(it) IndexScan(t title_pkey) HashJoin(mc ct) HashJoin(mi_idx it) HashJoin(mc ct mi_idx it) NestLoop(mc ct mi_idx it t) Leading((((mc ct) (mi_idx it)) t)) */
"['distributors', 'votes distribution', '%B%', '%A%', '%(%']",1,median,436.1734390258789,621.936559677124,0.54382944,12,/*+  SeqScan(mc) SeqScan(ct) SeqScan(mi_idx) SeqScan(it) IndexScan(t title_pkey) HashJoin(mc ct) HashJoin(mi_idx it) HashJoin(mc ct mi_idx it) NestLoop(mc ct mi_idx it t) Leading((((mc ct) (mi_idx it)) t)) */
"['distributors', 'votes', '%C%', '%2%', '%2%']",1,median,216.51244163513184,362.715482711792,0.5484978,12,/*+  SeqScan(mc) SeqScan(ct) SeqScan(mi_idx) SeqScan(it) IndexScan(t title_pkey) HashJoin(mc ct) HashJoin(mi_idx it) HashJoin(mc ct mi_idx it) NestLoop(mc ct mi_idx it t) Leading((((mc ct) (mi_idx it)) t)) */
"['distributors', 'rating', '%2%', '%)%', '%(%']",1,median,331.92968368530273,499.99260902404785,0.54387236,12,/*+  SeqScan(mc) SeqScan(ct) SeqScan(mi_idx) SeqScan(it) IndexScan(t title_pkey) HashJoin(mc ct) HashJoin(mi_idx it) HashJoin(mc ct mi_idx it) NestLoop(mc ct mi_idx it t) Leading((((mc ct) (mi_idx it)) t)) */
"['distributors', 'votes', '%N%', '%h%', '%T%']",1,median,311.45191192626953,463.98282051086426,0.5468243,12,/*+  SeqScan(mc) SeqScan(ct) SeqScan(mi_idx) SeqScan(it) IndexScan(t title_pkey) HashJoin(mc ct) HashJoin(mi_idx it) HashJoin(mc ct mi_idx it) NestLoop(mc ct mi_idx it t) Leading((((mc ct) (mi_idx it)) t)) */
"['production companies', 'rating', '%n%', '%e%', '%(%']",1,median,108.26992988586426,223.10662269592285,0.53182036,12,/*+  SeqScan(mc) SeqScan(ct) SeqScan(mi_idx) SeqScan(it) IndexScan(t title_pkey) HashJoin(mc ct) HashJoin(mi_idx it) HashJoin(mc ct mi_idx it) NestLoop(mc ct mi_idx it t) Leading((((mc ct) (mi_idx it)) t)) */
"['production companies', 'rating', '%N%', '%o%', '%e%']",1,median,126.2674331665039,251.6953945159912,0.523999,12,/*+  SeqScan(mc) SeqScan(ct) SeqScan(mi_idx) SeqScan(it) IndexScan(t title_pkey) HashJoin(mc ct) HashJoin(mi_idx it) HashJoin(mc ct mi_idx it) NestLoop(mc ct mi_idx it t) Leading((((mc ct) (mi_idx it)) t)) */
"['distributors', 'rating', '%n%', '%o%', '%T%']",1,median,171.22578620910645,302.3679256439209,0.5494329,12,/*+  SeqScan(mc) SeqScan(ct) SeqScan(mi_idx) SeqScan(it) IndexScan(t title_pkey) HashJoin(mc ct) HashJoin(mi_idx it) HashJoin(mc ct mi_idx it) NestLoop(mc ct mi_idx it t) Leading((((mc ct) (mi_idx it)) t)) */
"['production companies', 'rating', '%m%', '%a%', '%v%']",1,median,115.36908149719238,238.93189430236816,0.5252153,12,/*+  SeqScan(mc) SeqScan(ct) SeqScan(mi_idx) SeqScan(it) IndexScan(t title_pkey) HashJoin(mc ct) HashJoin(mi_idx it) HashJoin(mc ct mi_idx it) NestLoop(mc ct mi_idx it t) Leading((((mc ct) (mi_idx it)) t)) */
"['distributors', 'rating', '%r%', '%0%', '%i%']",1,median,185.2858066558838,335.62278747558594,0.53873724,12,/*+  SeqScan(mc) SeqScan(ct) SeqScan(mi_idx) SeqScan(it) IndexScan(t title_pkey) HashJoin(mc ct) HashJoin(mi_idx it) HashJoin(mc ct mi_idx it) NestLoop(mc ct mi_idx it t) Leading((((mc ct) (mi_idx it)) t)) */
"['distributors', 'votes', '%o%', '%?%', '%a%']",1,median,289.2162799835205,442.3022270202637,0.5469007,12,/*+  SeqScan(mc) SeqScan(ct) SeqScan(mi_idx) SeqScan(it) IndexScan(t title_pkey) HashJoin(mc ct) HashJoin(mi_idx it) HashJoin(mc ct mi_idx it) NestLoop(mc ct mi_idx it t) Leading((((mc ct) (mi_idx it)) t)) */
"['production companies', 'votes distribution', '%)%', '%t%', '%)%']",1,median,93.3687686920166,209.5508575439453,0.52596116,12,/*+  SeqScan(mc) SeqScan(ct) SeqScan(mi_idx) SeqScan(it) IndexScan(t title_pkey) HashJoin(mc ct) HashJoin(mi_idx it) HashJoin(mc ct mi_idx it) NestLoop(mc ct mi_idx it t) Leading((((mc ct) (mi_idx it)) t)) */
"['distributors', 'votes', '%1%', '%u%', '%a%']",1,median,142.3797607421875,274.2571830749512,0.5488667,12,/*+  SeqScan(mc) SeqScan(ct) SeqScan(mi_idx) SeqScan(it) IndexScan(t title_pkey) HashJoin(mc ct) HashJoin(mi_idx it) HashJoin(mc ct mi_idx it) NestLoop(mc ct mi_idx it t) Leading((((mc ct) (mi_idx it)) t)) */
"['distributors', 'votes', '%g%', '%A%', '%r%']",1,median,387.6473903656006,564.6913051605225,0.53929776,12,/*+  SeqScan(mc) SeqScan(ct) SeqScan(mi_idx) SeqScan(it) IndexScan(t title_pkey) HashJoin(mc ct) HashJoin(mi_idx it) HashJoin(mc ct mi_idx it) NestLoop(mc ct mi_idx it t) Leading((((mc ct) (mi_idx it)) t)) */
"['distributors', 'votes', '%e%', '%9%', '%)%']",1,median,269.8361873626709,422.05142974853516,0.5348682,12,/*+  SeqScan(mc) SeqScan(ct) SeqScan(mi_idx) SeqScan(it) IndexScan(t title_pkey) HashJoin(mc ct) HashJoin(mi_idx it) HashJoin(mc ct mi_idx it) NestLoop(mc ct mi_idx it t) Leading((((mc ct) (mi_idx it)) t)) */
"['distributors', 'rating', '%2%', '%T%', '%2%']",1,median,179.17466163635254,301.53822898864746,0.52951604,12,/*+  SeqScan(mc) SeqScan(ct) SeqScan(mi_idx) SeqScan(it) IndexScan(t title_pkey) HashJoin(mc ct) HashJoin(mi_idx it) HashJoin(mc ct mi_idx it) NestLoop(mc ct mi_idx it t) Leading((((mc ct) (mi_idx it)) t)) */
"['distributors', 'votes', '%s%', '%t%', '%c%']",1,median,221.63152694702148,352.832555770874,0.53985363,12,/*+  SeqScan(mc) SeqScan(ct) SeqScan(mi_idx) SeqScan(it) IndexScan(t title_pkey) HashJoin(mc ct) HashJoin(mi_idx it) HashJoin(mc ct mi_idx it) NestLoop(mc ct mi_idx it t) Leading((((mc ct) (mi_idx it)) t)) */
"['distributors', 'votes', '%t%', '%a%', '%i%']",1,median,183.35533142089844,321.8698501586914,0.5357213,12,/*+  SeqScan(mc) SeqScan(ct) SeqScan(mi_idx) SeqScan(it) IndexScan(t title_pkey) HashJoin(mc ct) HashJoin(mi_idx it) HashJoin(mc ct mi_idx it) NestLoop(mc ct mi_idx it t) Leading((((mc ct) (mi_idx it)) t)) */
"['distributors', 'rating', '%m%', '%e%', '%s%']",1,median,268.0633068084717,418.05028915405273,0.5394926,12,/*+  SeqScan(mc) SeqScan(ct) SeqScan(mi_idx) SeqScan(it) IndexScan(t title_pkey) HashJoin(mc ct) HashJoin(mi_idx it) HashJoin(mc ct mi_idx it) NestLoop(mc ct mi_idx it t) Leading((((mc ct) (mi_idx it)) t)) */
"['distributors', 'votes distribution', '%U%', '%c%', '%e%']",1,median,207.07273483276367,342.8771495819092,0.53480786,12,/*+  SeqScan(mc) SeqScan(ct) SeqScan(mi_idx) SeqScan(it) IndexScan(t title_pkey) HashJoin(mc ct) HashJoin(mi_idx it) HashJoin(mc ct mi_idx it) NestLoop(mc ct mi_idx it t) Leading((((mc ct) (mi_idx it)) t)) */
"['distributors', 'votes distribution', '%o%', '%o%', '%r%']",1,median,262.0835304260254,405.62939643859863,0.5504985,12,/*+  SeqScan(mc) SeqScan(ct) SeqScan(mi_idx) SeqScan(it) IndexScan(t title_pkey) HashJoin(mc ct) HashJoin(mi_idx it) HashJoin(mc ct mi_idx it) NestLoop(mc ct mi_idx it t) Leading((((mc ct) (mi_idx it)) t)) */
"['production companies', 'rating', '%g%', '%V%', '%g%']",1,median,110.26144027709961,226.46355628967285,0.5170889,12,/*+  SeqScan(mc) SeqScan(ct) SeqScan(mi_idx) SeqScan(it) IndexScan(t title_pkey) HashJoin(mc ct) HashJoin(mi_idx it) HashJoin(mc ct mi_idx it) NestLoop(mc ct mi_idx it t) Leading((((mc ct) (mi_idx it)) t)) */
"['distributors', 'votes', '%r%', '%c%', '%H%']",1,median,141.32261276245117,272.20654487609863,0.5525403,12,/*+  SeqScan(mc) SeqScan(ct) SeqScan(mi_idx) SeqScan(it) IndexScan(t title_pkey) HashJoin(mc ct) HashJoin(mi_idx it) HashJoin(mc ct mi_idx it) NestLoop(mc ct mi_idx it t) Leading((((mc ct) (mi_idx it)) t)) */
"['distributors', 'votes distribution', '%A%', '%(%', '%?%']",1,median,238.33942413330078,379.0006637573242,0.5348188,12,/*+  SeqScan(mc) SeqScan(ct) SeqScan(mi_idx) SeqScan(it) IndexScan(t title_pkey) HashJoin(mc ct) HashJoin(mi_idx it) HashJoin(mc ct mi_idx it) NestLoop(mc ct mi_idx it t) Leading((((mc ct) (mi_idx it)) t)) */
"['distributors', 'votes', '%r%', '%1%', '%T%']",1,median,194.16427612304688,328.85217666625977,0.55962473,12,/*+  SeqScan(mc) SeqScan(ct) SeqScan(mi_idx) SeqScan(it) IndexScan(t title_pkey) HashJoin(mc ct) HashJoin(mi_idx it) HashJoin(mc ct mi_idx it) NestLoop(mc ct mi_idx it t) Leading((((mc ct) (mi_idx it)) t)) */
"['distributors', 'votes', '%T%', '%)%', '%e%']",1,median,370.4099655151367,558.1738948822021,0.5554611,12,/*+  SeqScan(mc) SeqScan(ct) SeqScan(mi_idx) SeqScan(it) IndexScan(t title_pkey) HashJoin(mc ct) HashJoin(mi_idx it) HashJoin(mc ct mi_idx it) NestLoop(mc ct mi_idx it t) Leading((((mc ct) (mi_idx it)) t)) */
"['distributors', 'votes', '%s%', '%9%', '%)%']",1,median,385.1742744445801,553.5256862640381,0.5494446,12,/*+  SeqScan(mc) SeqScan(ct) SeqScan(mi_idx) SeqScan(it) IndexScan(t title_pkey) HashJoin(mc ct) HashJoin(mi_idx it) HashJoin(mc ct mi_idx it) NestLoop(mc ct mi_idx it t) Leading((((mc ct) (mi_idx it)) t)) */
"['distributors', 'rating', '%m%', '%)%', '%2%']",1,median,407.44590759277344,581.6023349761963,0.52985173,12,/*+  SeqScan(mc) SeqScan(ct) SeqScan(mi_idx) SeqScan(it) IndexScan(t title_pkey) HashJoin(mc ct) HashJoin(mi_idx it) HashJoin(mc ct mi_idx it) NestLoop(mc ct mi_idx it t) Leading((((mc ct) (mi_idx it)) t)) */
"['production companies', 'rating', '%t%', '%e%', '%m%']",1,median,104.83837127685547,222.21612930297852,0.51545864,12,/*+  SeqScan(mc) SeqScan(ct) SeqScan(mi_idx) SeqScan(it) IndexScan(t title_pkey) HashJoin(mc ct) HashJoin(mi_idx it) HashJoin(mc ct mi_idx it) NestLoop(mc ct mi_idx it t) Leading((((mc ct) (mi_idx it)) t)) */
"['distributors', 'votes', '%0%', '%)%', '%2%']",1,median,341.1879539489746,504.3461322784424,0.55014074,12,/*+  SeqScan(mc) SeqScan(ct) SeqScan(mi_idx) SeqScan(it) IndexScan(t title_pkey) HashJoin(mc ct) HashJoin(mi_idx it) HashJoin(mc ct mi_idx it) NestLoop(mc ct mi_idx it t) Leading((((mc ct) (mi_idx it)) t)) */
"['distributors', 'votes', '%b%', '%A%', '%N%']",1,median,331.1479091644287,489.4273281097412,0.54031885,12,/*+  SeqScan(mc) SeqScan(ct) SeqScan(mi_idx) SeqScan(it) IndexScan(t title_pkey) HashJoin(mc ct) HashJoin(mi_idx it) HashJoin(mc ct mi_idx it) NestLoop(mc ct mi_idx it t) Leading((((mc ct) (mi_idx it)) t)) */
"['production companies', 'votes', '%t%', '%t%', '%I%']",1,median,96.0841178894043,217.11373329162598,0.53015774,12,/*+  SeqScan(mc) SeqScan(ct) SeqScan(mi_idx) SeqScan(it) IndexScan(t title_pkey) HashJoin(mc ct) HashJoin(mi_idx it) HashJoin(mc ct mi_idx it) NestLoop(mc ct mi_idx it t) Leading((((mc ct) (mi_idx it)) t)) */
"['distributors', 'votes distribution', '%s%', '%)%', '%H%']",1,median,391.6003704071045,560.1789951324463,0.53536695,12,/*+  SeqScan(mc) SeqScan(ct) SeqScan(mi_idx) SeqScan(it) IndexScan(t title_pkey) HashJoin(mc ct) HashJoin(mi_idx it) HashJoin(mc ct mi_idx it) NestLoop(mc ct mi_idx it t) Leading((((mc ct) (mi_idx it)) t)) */
"['distributors', 'votes distribution', '%e%', '%a%', '%b%']",1,median,159.43503379821777,288.8031005859375,0.5331959,12,/*+  SeqScan(mc) SeqScan(ct) SeqScan(mi_idx) SeqScan(it) IndexScan(t title_pkey) HashJoin(mc ct) HashJoin(mi_idx it) HashJoin(mc ct mi_idx it) NestLoop(mc ct mi_idx it t) Leading((((mc ct) (mi_idx it)) t)) */
"['distributors', 'votes distribution', '%2%', '%0%', '%0%']",1,median,128.95917892456055,249.23372268676758,0.5346479,12,/*+  SeqScan(mc) SeqScan(ct) SeqScan(mi_idx) SeqScan(it) IndexScan(t title_pkey) HashJoin(mc ct) HashJoin(mi_idx it) HashJoin(mc ct mi_idx it) NestLoop(mc ct mi_idx it t) Leading((((mc ct) (mi_idx it)) t)) */
"['distributors', 'votes distribution', '%n%', '%a%', '%h%']",1,median,224.54047203063965,360.2404594421387,0.544973,12,/*+  SeqScan(mc) SeqScan(ct) SeqScan(mi_idx) SeqScan(it) IndexScan(t title_pkey) HashJoin(mc ct) HashJoin(mi_idx it) HashJoin(mc ct mi_idx it) NestLoop(mc ct mi_idx it t) Leading((((mc ct) (mi_idx it)) t)) */
"['distributors', 'rating', '%n%', '%S%', '%n%']",1,median,293.80202293395996,446.61521911621094,0.5287123,12,/*+  SeqScan(mc) SeqScan(ct) SeqScan(mi_idx) SeqScan(it) IndexScan(t title_pkey) HashJoin(mc ct) HashJoin(mi_idx it) HashJoin(mc ct mi_idx it) NestLoop(mc ct mi_idx it t) Leading((((mc ct) (mi_idx it)) t)) */
"['distributors', 'rating', '%a%', '%a%', '%7%']",1,median,137.6805305480957,262.0577812194824,0.5450729,12,/*+  SeqScan(mc) SeqScan(ct) SeqScan(mi_idx) SeqScan(it) IndexScan(t title_pkey) HashJoin(mc ct) HashJoin(mi_idx it) HashJoin(mc ct mi_idx it) NestLoop(mc ct mi_idx it t) Leading((((mc ct) (mi_idx it)) t)) */
"['production companies', 'votes distribution', '%)%', '%(%', '%m%']",1,median,89.8432731628418,207.94129371643066,0.5089396,12,/*+  SeqScan(mc) SeqScan(ct) SeqScan(mi_idx) SeqScan(it) IndexScan(t title_pkey) HashJoin(mc ct) HashJoin(mi_idx it) HashJoin(mc ct mi_idx it) NestLoop(mc ct mi_idx it t) Leading((((mc ct) (mi_idx it)) t)) */
"['distributors', 'votes distribution', '%9%', '%2%', '%2%']",1,median,204.9243450164795,349.2703437805176,0.5336003,12,/*+  SeqScan(mc) SeqScan(ct) SeqScan(mi_idx) SeqScan(it) IndexScan(t title_pkey) HashJoin(mc ct) HashJoin(mi_idx it) HashJoin(mc ct mi_idx it) NestLoop(mc ct mi_idx it t) Leading((((mc ct) (mi_idx it)) t)) */
"['production companies', 'votes', '%S%', '%E%', '%)%']",1,median,132.63630867004395,255.98978996276855,0.5392749,12,/*+  SeqScan(mc) SeqScan(ct) SeqScan(mi_idx) SeqScan(it) IndexScan(t title_pkey) HashJoin(mc ct) HashJoin(mi_idx it) HashJoin(mc ct mi_idx it) NestLoop(mc ct mi_idx it t) Leading((((mc ct) (mi_idx it)) t)) */
"['distributors', 'rating', '%e%', '%t%', '%i%']",1,median,152.73356437683105,276.69239044189453,0.51932347,12,/*+  SeqScan(mc) SeqScan(ct) SeqScan(mi_idx) SeqScan(it) IndexScan(t title_pkey) HashJoin(mc ct) HashJoin(mi_idx it) HashJoin(mc ct mi_idx it) NestLoop(mc ct mi_idx it t) Leading((((mc ct) (mi_idx it)) t)) */
"['production companies', 'votes', '%(%', '%S%', '%e%']",1,median,85.49118041992188,206.76946640014648,0.52538115,12,/*+  SeqScan(mc) SeqScan(ct) SeqScan(mi_idx) SeqScan(it) IndexScan(t title_pkey) HashJoin(mc ct) HashJoin(mi_idx it) HashJoin(mc ct mi_idx it) NestLoop(mc ct mi_idx it t) Leading((((mc ct) (mi_idx it)) t)) */
"['distributors', 'votes distribution', '%s%', '%t%', '%i%']",1,median,271.1155414581299,410.3422164916992,0.53383416,12,/*+  SeqScan(mc) SeqScan(ct) SeqScan(mi_idx) SeqScan(it) IndexScan(t title_pkey) HashJoin(mc ct) HashJoin(mi_idx it) HashJoin(mc ct mi_idx it) NestLoop(mc ct mi_idx it t) Leading((((mc ct) (mi_idx it)) t)) */
"['production companies', 'votes distribution', '%c%', '%o%', '%)%']",1,median,121.23870849609375,235.30101776123047,0.524357,12,/*+  SeqScan(mc) SeqScan(ct) SeqScan(mi_idx) SeqScan(it) IndexScan(t title_pkey) HashJoin(mc ct) HashJoin(mi_idx it) HashJoin(mc ct mi_idx it) NestLoop(mc ct mi_idx it t) Leading((((mc ct) (mi_idx it)) t)) */
"['distributors', 'votes distribution', '%t%', '%t%', '%l%']",1,median,162.08314895629883,286.2272262573242,0.5475366,12,/*+  SeqScan(mc) SeqScan(ct) SeqScan(mi_idx) SeqScan(it) IndexScan(t title_pkey) HashJoin(mc ct) HashJoin(mi_idx it) HashJoin(mc ct mi_idx it) NestLoop(mc ct mi_idx it t) Leading((((mc ct) (mi_idx it)) t)) */
"['distributors', 'votes', '%w%', '%)%', '%i%']",1,median,426.24497413635254,615.4980659484863,0.5464962,12,/*+  SeqScan(mc) SeqScan(ct) SeqScan(mi_idx) SeqScan(it) IndexScan(t title_pkey) HashJoin(mc ct) HashJoin(mi_idx it) HashJoin(mc ct mi_idx it) NestLoop(mc ct mi_idx it t) Leading((((mc ct) (mi_idx it)) t)) */
"['distributors', 'votes', '%a%', '%z%', '%l%']",1,median,114.1049861907959,234.32350158691406,0.5584786,12,/*+  SeqScan(mc) SeqScan(ct) SeqScan(mi_idx) SeqScan(it) IndexScan(t title_pkey) HashJoin(mc ct) HashJoin(mi_idx it) HashJoin(mc ct mi_idx it) NestLoop(mc ct mi_idx it t) Leading((((mc ct) (mi_idx it)) t)) */
"['distributors', 'rating', '%D%', '%d%', '%(%']",1,median,378.0627250671387,539.4973754882812,0.53078574,12,/*+  SeqScan(mc) SeqScan(ct) SeqScan(mi_idx) SeqScan(it) IndexScan(t title_pkey) HashJoin(mc ct) HashJoin(mi_idx it) HashJoin(mc ct mi_idx it) NestLoop(mc ct mi_idx it t) Leading((((mc ct) (mi_idx it)) t)) */
"['distributors', 'rating', '%9%', '%(%', '%D%']",1,median,224.1048812866211,374.68743324279785,0.5276698,12,/*+  SeqScan(mc) SeqScan(ct) SeqScan(mi_idx) SeqScan(it) IndexScan(t title_pkey) HashJoin(mc ct) HashJoin(mi_idx it) HashJoin(mc ct mi_idx it) NestLoop(mc ct mi_idx it t) Leading((((mc ct) (mi_idx it)) t)) */
"['distributors', 'rating', '%2%', '%e%', '%l%']",1,median,275.30384063720703,425.2052307128906,0.53947616,12,/*+  SeqScan(mc) SeqScan(ct) SeqScan(mi_idx) SeqScan(it) IndexScan(t title_pkey) HashJoin(mc ct) HashJoin(mi_idx it) HashJoin(mc ct mi_idx it) NestLoop(mc ct mi_idx it t) Leading((((mc ct) (mi_idx it)) t)) */
"['production companies', 'votes', '%t%', '%r%', '%P%']",1,median,105.63087463378906,221.30680084228516,0.5300848,12,/*+  SeqScan(mc) SeqScan(ct) SeqScan(mi_idx) SeqScan(it) IndexScan(t title_pkey) HashJoin(mc ct) HashJoin(mi_idx it) HashJoin(mc ct mi_idx it) NestLoop(mc ct mi_idx it t) Leading((((mc ct) (mi_idx it)) t)) */
"['distributors', 'rating', '%1%', '%)%', '%)%']",1,median,210.7086181640625,355.1034927368164,0.5384809,12,/*+  SeqScan(mc) SeqScan(ct) SeqScan(mi_idx) SeqScan(it) IndexScan(t title_pkey) HashJoin(mc ct) HashJoin(mi_idx it) HashJoin(mc ct mi_idx it) NestLoop(mc ct mi_idx it t) Leading((((mc ct) (mi_idx it)) t)) */
"['production companies', 'votes distribution', '%n%', '%p%', '%s%']",1,median,111.11593246459961,225.5392074584961,0.5121249,12,/*+  SeqScan(mc) SeqScan(ct) SeqScan(mi_idx) SeqScan(it) IndexScan(t title_pkey) HashJoin(mc ct) HashJoin(mi_idx it) HashJoin(mc ct mi_idx it) NestLoop(mc ct mi_idx it t) Leading((((mc ct) (mi_idx it)) t)) */
"['distributors', 'rating', '%e%', '%A%', '%(%']",1,median,271.66199684143066,420.5446243286133,0.5249201,12,/*+  SeqScan(mc) SeqScan(ct) SeqScan(mi_idx) SeqScan(it) IndexScan(t title_pkey) HashJoin(mc ct) HashJoin(mi_idx it) HashJoin(mc ct mi_idx it) NestLoop(mc ct mi_idx it t) Leading((((mc ct) (mi_idx it)) t)) */
"['distributors', 'votes distribution', '%e%', '%8%', '%d%']",1,median,142.4884796142578,262.4216079711914,0.53143483,12,/*+  SeqScan(mc) SeqScan(ct) SeqScan(mi_idx) SeqScan(it) IndexScan(t title_pkey) HashJoin(mc ct) HashJoin(mi_idx it) HashJoin(mc ct mi_idx it) NestLoop(mc ct mi_idx it t) Leading((((mc ct) (mi_idx it)) t)) */
"['distributors', 'rating', '%b%', '%i%', '%e%']",1,median,324.97286796569824,482.09118843078613,0.5350584,12,/*+  SeqScan(mc) SeqScan(ct) SeqScan(mi_idx) SeqScan(it) IndexScan(t title_pkey) HashJoin(mc ct) HashJoin(mi_idx it) HashJoin(mc ct mi_idx it) NestLoop(mc ct mi_idx it t) Leading((((mc ct) (mi_idx it)) t)) */
"['production companies', 'votes', '%s%', '%r%', '%r%']",1,median,110.54325103759766,218.58596801757812,0.547047,12,/*+  SeqScan(mc) SeqScan(ct) SeqScan(mi_idx) SeqScan(it) IndexScan(t title_pkey) HashJoin(mc ct) HashJoin(mi_idx it) HashJoin(mc ct mi_idx it) NestLoop(mc ct mi_idx it t) Leading((((mc ct) (mi_idx it)) t)) */
"['distributors', 'votes', '%i%', '%A%', '%2%']",1,median,241.62650108337402,386.1219882965088,0.5498986,12,/*+  SeqScan(mc) SeqScan(ct) SeqScan(mi_idx) SeqScan(it) IndexScan(t title_pkey) HashJoin(mc ct) HashJoin(mi_idx it) HashJoin(mc ct mi_idx it) NestLoop(mc ct mi_idx it t) Leading((((mc ct) (mi_idx it)) t)) */
"['production companies', 'votes distribution', '%m%', '%o%', '%s%']",1,median,131.88791275024414,248.29363822937012,0.514687,12,/*+  SeqScan(mc) SeqScan(ct) SeqScan(mi_idx) SeqScan(it) IndexScan(t title_pkey) HashJoin(mc ct) HashJoin(mi_idx it) HashJoin(mc ct mi_idx it) NestLoop(mc ct mi_idx it t) Leading((((mc ct) (mi_idx it)) t)) */
"['production companies', 'votes', '%s%', '%T%', '%o%']",1,median,110.74042320251465,232.33413696289062,0.5344328,12,/*+  SeqScan(mc) SeqScan(ct) SeqScan(mi_idx) SeqScan(it) IndexScan(t title_pkey) HashJoin(mc ct) HashJoin(mi_idx it) HashJoin(mc ct mi_idx it) NestLoop(mc ct mi_idx it t) Leading((((mc ct) (mi_idx it)) t)) */
"['distributors', 'votes distribution', '%e%', '%a%', '%s%']",1,median,162.72854804992676,290.12131690979004,0.5297166,12,/*+  SeqScan(mc) SeqScan(ct) SeqScan(mi_idx) SeqScan(it) IndexScan(t title_pkey) HashJoin(mc ct) HashJoin(mi_idx it) HashJoin(mc ct mi_idx it) NestLoop(mc ct mi_idx it t) Leading((((mc ct) (mi_idx it)) t)) */
"['distributors', 'votes distribution', '%t%', '%c%', '%(%']",1,median,307.741641998291,462.4934196472168,0.5415874,12,/*+  SeqScan(mc) SeqScan(ct) SeqScan(mi_idx) SeqScan(it) IndexScan(t title_pkey) HashJoin(mc ct) HashJoin(mi_idx it) HashJoin(mc ct mi_idx it) NestLoop(mc ct mi_idx it t) Leading((((mc ct) (mi_idx it)) t)) */
"['distributors', 'votes', '%i%', '%B%', '%u%']",1,median,108.79755020141602,227.05793380737305,0.55200887,12,/*+  SeqScan(mc) SeqScan(ct) SeqScan(mi_idx) SeqScan(it) IndexScan(t title_pkey) HashJoin(mc ct) HashJoin(mi_idx it) HashJoin(mc ct mi_idx it) NestLoop(mc ct mi_idx it t) Leading((((mc ct) (mi_idx it)) t)) */
"['distributors', 'votes', '%2%', '%9%', '%(%']",1,median,341.80665016174316,501.15323066711426,0.5516025,12,/*+  SeqScan(mc) SeqScan(ct) SeqScan(mi_idx) SeqScan(it) IndexScan(t title_pkey) HashJoin(mc ct) HashJoin(mi_idx it) HashJoin(mc ct mi_idx it) NestLoop(mc ct mi_idx it t) Leading((((mc ct) (mi_idx it)) t)) */
"['production companies', 'rating', '%o%', '%(%', '%e%']",1,median,114.1054630279541,233.9303493499756,0.5193774,12,/*+  SeqScan(mc) SeqScan(ct) SeqScan(mi_idx) SeqScan(it) IndexScan(t title_pkey) HashJoin(mc ct) HashJoin(mi_idx it) HashJoin(mc ct mi_idx it) NestLoop(mc ct mi_idx it t) Leading((((mc ct) (mi_idx it)) t)) */
"['distributors', 'rating', '%n%', '%e%', '%n%']",1,median,229.51698303222656,366.335391998291,0.53519964,12,/*+  SeqScan(mc) SeqScan(ct) SeqScan(mi_idx) SeqScan(it) IndexScan(t title_pkey) HashJoin(mc ct) HashJoin(mi_idx it) HashJoin(mc ct mi_idx it) NestLoop(mc ct mi_idx it t) Leading((((mc ct) (mi_idx it)) t)) */
"['distributors', 'votes', '%d%', '%0%', '%T%']",1,median,262.31837272644043,403.05066108703613,0.55792636,12,/*+  SeqScan(mc) SeqScan(ct) SeqScan(mi_idx) SeqScan(it) IndexScan(t title_pkey) HashJoin(mc ct) HashJoin(mi_idx it) HashJoin(mc ct mi_idx it) NestLoop(mc ct mi_idx it t) Leading((((mc ct) (mi_idx it)) t)) */
"['distributors', 'votes', '%7%', '%h%', '%0%']",1,median,297.039270401001,456.1457633972168,0.54259676,12,/*+  SeqScan(mc) SeqScan(ct) SeqScan(mi_idx) SeqScan(it) IndexScan(t title_pkey) HashJoin(mc ct) HashJoin(mi_idx it) HashJoin(mc ct mi_idx it) NestLoop(mc ct mi_idx it t) Leading((((mc ct) (mi_idx it)) t)) */
"['production companies', 'votes distribution', '%(%', '%g%', '%i%']",1,median,94.6049690246582,210.29925346374512,0.51646185,12,/*+  SeqScan(mc) SeqScan(ct) SeqScan(mi_idx) SeqScan(it) IndexScan(t title_pkey) HashJoin(mc ct) HashJoin(mi_idx it) HashJoin(mc ct mi_idx it) NestLoop(mc ct mi_idx it t) Leading((((mc ct) (mi_idx it)) t)) */
"['distributors', 'rating', '%v%', '%)%', '%a%']",1,median,427.762508392334,612.4091148376465,0.5391565,12,/*+  SeqScan(mc) SeqScan(ct) SeqScan(mi_idx) SeqScan(it) IndexScan(t title_pkey) HashJoin(mc ct) HashJoin(mi_idx it) HashJoin(mc ct mi_idx it) NestLoop(mc ct mi_idx it t) Leading((((mc ct) (mi_idx it)) t)) */
"['production companies', 'rating', '%s%', '%i%', '%i%']",1,median,106.3086986541748,223.53053092956543,0.52490336,12,/*+  SeqScan(mc) SeqScan(ct) SeqScan(mi_idx) SeqScan(it) IndexScan(t title_pkey) HashJoin(mc ct) HashJoin(mi_idx it) HashJoin(mc ct mi_idx it) NestLoop(mc ct mi_idx it t) Leading((((mc ct) (mi_idx it)) t)) */
"['production companies', 'votes distribution', '%E%', '%T%', '%R%']",1,median,114.35151100158691,230.52000999450684,0.5142912,12,/*+  SeqScan(mc) SeqScan(ct) SeqScan(mi_idx) SeqScan(it) IndexScan(t title_pkey) HashJoin(mc ct) HashJoin(mi_idx it) HashJoin(mc ct mi_idx it) NestLoop(mc ct mi_idx it t) Leading((((mc ct) (mi_idx it)) t)) */
"['distributors', 'votes', '%v%', '%i%', '%f%']",1,median,301.58019065856934,454.2536735534668,0.5498465,12,/*+  SeqScan(mc) SeqScan(ct) SeqScan(mi_idx) SeqScan(it) IndexScan(t title_pkey) HashJoin(mc ct) HashJoin(mi_idx it) HashJoin(mc ct mi_idx it) NestLoop(mc ct mi_idx it t) Leading((((mc ct) (mi_idx it)) t)) */
"['production companies', 'rating', '%u%', '%l%', '%s%']",1,median,117.46382713317871,242.19775199890137,0.51234037,12,/*+  SeqScan(mc) SeqScan(ct) SeqScan(mi_idx) SeqScan(it) IndexScan(t title_pkey) HashJoin(mc ct) HashJoin(mi_idx it) HashJoin(mc ct mi_idx it) NestLoop(mc ct mi_idx it t) Leading((((mc ct) (mi_idx it)) t)) */
"['production companies', 'top 250 rank', '%a%', '%s%', '%c%']",1,median,70.79672813415527,36.53240203857422,0.5331792,12,/*+  SeqScan(mc) SeqScan(ct) SeqScan(mi_idx) SeqScan(it) IndexScan(t title_pkey) HashJoin(mc ct) HashJoin(mi_idx it) HashJoin(mc ct mi_idx it) NestLoop(mc ct mi_idx it t) Leading((((mc ct) (mi_idx it)) t)) */
"['production companies', 'votes', '%l%', '%e%', '%I%']",1,median,112.09702491760254,229.6311855316162,0.53242457,12,/*+  SeqScan(mc) SeqScan(ct) SeqScan(mi_idx) SeqScan(it) IndexScan(t title_pkey) HashJoin(mc ct) HashJoin(mi_idx it) HashJoin(mc ct mi_idx it) NestLoop(mc ct mi_idx it t) Leading((((mc ct) (mi_idx it)) t)) */
"['distributors', 'votes distribution', '%U%', '%2%', '%(%']",1,median,232.73873329162598,380.22470474243164,0.547269,12,/*+  SeqScan(mc) SeqScan(ct) SeqScan(mi_idx) SeqScan(it) IndexScan(t title_pkey) HashJoin(mc ct) HashJoin(mi_idx it) HashJoin(mc ct mi_idx it) NestLoop(mc ct mi_idx it t) Leading((((mc ct) (mi_idx it)) t)) */
"['distributors', 'votes', '%2%', '%i%', '%i%']",1,median,267.28343963623047,416.19324684143066,0.5457729,12,/*+  SeqScan(mc) SeqScan(ct) SeqScan(mi_idx) SeqScan(it) IndexScan(t title_pkey) HashJoin(mc ct) HashJoin(mi_idx it) HashJoin(mc ct mi_idx it) NestLoop(mc ct mi_idx it t) Leading((((mc ct) (mi_idx it)) t)) */
"['distributors', 'votes', '%A%', '%b%', '%e%']",1,median,210.0694179534912,351.59754753112793,0.5492128,12,/*+  SeqScan(mc) SeqScan(ct) SeqScan(mi_idx) SeqScan(it) IndexScan(t title_pkey) HashJoin(mc ct) HashJoin(mi_idx it) HashJoin(mc ct mi_idx it) NestLoop(mc ct mi_idx it t) Leading((((mc ct) (mi_idx it)) t)) */
"['distributors', 'votes', '%a%', '%t%', '%h%']",1,median,111.09447479248047,227.73289680480957,0.54193765,12,/*+  SeqScan(mc) SeqScan(ct) SeqScan(mi_idx) SeqScan(it) IndexScan(t title_pkey) HashJoin(mc ct) HashJoin(mi_idx it) HashJoin(mc ct mi_idx it) NestLoop(mc ct mi_idx it t) Leading((((mc ct) (mi_idx it)) t)) */
"['distributors', 'votes distribution', '%u%', '%7%', '%o%']",1,median,229.7537326812744,365.9646511077881,0.5338601,12,/*+  SeqScan(mc) SeqScan(ct) SeqScan(mi_idx) SeqScan(it) IndexScan(t title_pkey) HashJoin(mc ct) HashJoin(mi_idx it) HashJoin(mc ct mi_idx it) NestLoop(mc ct mi_idx it t) Leading((((mc ct) (mi_idx it)) t)) */
"['distributors', 'votes distribution', '%f%', '%(%', '%f%']",1,median,444.4317817687988,633.1686973571777,0.5344998,12,/*+  SeqScan(mc) SeqScan(ct) SeqScan(mi_idx) SeqScan(it) IndexScan(t title_pkey) HashJoin(mc ct) HashJoin(mi_idx it) HashJoin(mc ct mi_idx it) NestLoop(mc ct mi_idx it t) Leading((((mc ct) (mi_idx it)) t)) */
"['distributors', 'votes', '%e%', ""%''%"", '%)%']",1,median,272.05634117126465,423.47192764282227,0.5271501,12,/*+  SeqScan(mc) SeqScan(ct) SeqScan(mi_idx) SeqScan(it) IndexScan(t title_pkey) HashJoin(mc ct) HashJoin(mi_idx it) HashJoin(mc ct mi_idx it) NestLoop(mc ct mi_idx it t) Leading((((mc ct) (mi_idx it)) t)) */
"['distributors', 'votes distribution', '%n%', '%o%', '%(%']",1,median,355.16834259033203,512.8870010375977,0.5468211,12,/*+  SeqScan(mc) SeqScan(ct) SeqScan(mi_idx) SeqScan(it) IndexScan(t title_pkey) HashJoin(mc ct) HashJoin(mi_idx it) HashJoin(mc ct mi_idx it) NestLoop(mc ct mi_idx it t) Leading((((mc ct) (mi_idx it)) t)) */
"['distributors', 'votes', '%V%', '%t%', '%U%']",1,median,252.38823890686035,397.9332447052002,0.54908997,12,/*+  SeqScan(mc) SeqScan(ct) SeqScan(mi_idx) SeqScan(it) IndexScan(t title_pkey) HashJoin(mc ct) HashJoin(mi_idx it) HashJoin(mc ct mi_idx it) NestLoop(mc ct mi_idx it t) Leading((((mc ct) (mi_idx it)) t)) */
"['production companies', 'rating', '%n%', '%d%', '%e%']",1,median,106.93240165710449,219.2065715789795,0.51762736,12,/*+  SeqScan(mc) SeqScan(ct) SeqScan(mi_idx) SeqScan(it) IndexScan(t title_pkey) HashJoin(mc ct) HashJoin(mi_idx it) HashJoin(mc ct mi_idx it) NestLoop(mc ct mi_idx it t) Leading((((mc ct) (mi_idx it)) t)) */
"['distributors', 'rating', '%9%', '%C%', '%(%']",1,median,228.5780906677246,369.42267417907715,0.5379541,12,/*+  SeqScan(mc) SeqScan(ct) SeqScan(mi_idx) SeqScan(it) IndexScan(t title_pkey) HashJoin(mc ct) HashJoin(mi_idx it) HashJoin(mc ct mi_idx it) NestLoop(mc ct mi_idx it t) Leading((((mc ct) (mi_idx it)) t)) */
"['distributors', 'rating', '%U%', '%U%', '%7%']",1,median,134.87911224365234,259.845495223999,0.5454492,12,/*+  SeqScan(mc) SeqScan(ct) SeqScan(mi_idx) SeqScan(it) IndexScan(t title_pkey) HashJoin(mc ct) HashJoin(mi_idx it) HashJoin(mc ct mi_idx it) NestLoop(mc ct mi_idx it t) Leading((((mc ct) (mi_idx it)) t)) */
"['distributors', 'rating', '%S%', '%f%', '%a%']",1,median,213.05537223815918,355.2689552307129,0.5372251,12,/*+  SeqScan(mc) SeqScan(ct) SeqScan(mi_idx) SeqScan(it) IndexScan(t title_pkey) HashJoin(mc ct) HashJoin(mi_idx it) HashJoin(mc ct mi_idx it) NestLoop(mc ct mi_idx it t) Leading((((mc ct) (mi_idx it)) t)) */
"['production companies', 'votes distribution', '%m%', '%d%', '%t%']",1,median,133.18800926208496,253.15546989440918,0.52190864,12,/*+  SeqScan(mc) SeqScan(ct) SeqScan(mi_idx) SeqScan(it) IndexScan(t title_pkey) HashJoin(mc ct) HashJoin(mi_idx it) HashJoin(mc ct mi_idx it) NestLoop(mc ct mi_idx it t) Leading((((mc ct) (mi_idx it)) t)) */
"['distributors', 'votes', '%e%', '%(%', '%t%']",1,median,267.34256744384766,414.98279571533203,0.53183585,12,/*+  SeqScan(mc) SeqScan(ct) SeqScan(mi_idx) SeqScan(it) IndexScan(t title_pkey) HashJoin(mc ct) HashJoin(mi_idx it) HashJoin(mc ct mi_idx it) NestLoop(mc ct mi_idx it t) Leading((((mc ct) (mi_idx it)) t)) */
"['production companies', 'rating', '%h%', '%t%', '%t%']",1,median,115.17477035522461,236.89699172973633,0.5273098,12,/*+  SeqScan(mc) SeqScan(ct) SeqScan(mi_idx) SeqScan(it) IndexScan(t title_pkey) HashJoin(mc ct) HashJoin(mi_idx it) HashJoin(mc ct mi_idx it) NestLoop(mc ct mi_idx it t) Leading((((mc ct) (mi_idx it)) t)) */
"['distributors', 'rating', '%2%', '%2%', '%a%']",1,median,270.19214630126953,421.57459259033203,0.53414637,12,/*+  SeqScan(mc) SeqScan(ct) SeqScan(mi_idx) SeqScan(it) IndexScan(t title_pkey) HashJoin(mc ct) HashJoin(mi_idx it) HashJoin(mc ct mi_idx it) NestLoop(mc ct mi_idx it t) Leading((((mc ct) (mi_idx it)) t)) */
"['distributors', 'rating', '%d%', '%(%', '%D%']",1,median,384.36222076416016,558.2599639892578,0.52439964,12,/*+  SeqScan(mc) SeqScan(ct) SeqScan(mi_idx) SeqScan(it) IndexScan(t title_pkey) HashJoin(mc ct) HashJoin(mi_idx it) HashJoin(mc ct mi_idx it) NestLoop(mc ct mi_idx it t) Leading((((mc ct) (mi_idx it)) t)) */
"['distributors', 'rating', '%1%', '%l%', '%a%']",1,median,153.41925621032715,280.35449981689453,0.52956384,12,/*+  SeqScan(mc) SeqScan(ct) SeqScan(mi_idx) SeqScan(it) IndexScan(t title_pkey) HashJoin(mc ct) HashJoin(mi_idx it) HashJoin(mc ct mi_idx it) NestLoop(mc ct mi_idx it t) Leading((((mc ct) (mi_idx it)) t)) */
"['distributors', 'votes distribution', '%i%', '%)%', '%t%']",1,median,259.448766708374,408.4300994873047,0.5489288,12,/*+  SeqScan(mc) SeqScan(ct) SeqScan(mi_idx) SeqScan(it) IndexScan(t title_pkey) HashJoin(mc ct) HashJoin(mi_idx it) HashJoin(mc ct mi_idx it) NestLoop(mc ct mi_idx it t) Leading((((mc ct) (mi_idx it)) t)) */
"['distributors', 'votes', '%e%', '%2%', '%(%']",1,median,271.8040943145752,422.91259765625,0.5381353,12,/*+  SeqScan(mc) SeqScan(ct) SeqScan(mi_idx) SeqScan(it) IndexScan(t title_pkey) HashJoin(mc ct) HashJoin(mi_idx it) HashJoin(mc ct mi_idx it) NestLoop(mc ct mi_idx it t) Leading((((mc ct) (mi_idx it)) t)) */
"['production companies', 'votes', '%t%', '%s%', '%o%']",1,median,105.68523406982422,230.31854629516602,0.51188666,12,/*+  SeqScan(mc) SeqScan(ct) SeqScan(mi_idx) SeqScan(it) IndexScan(t title_pkey) HashJoin(mc ct) HashJoin(mi_idx it) HashJoin(mc ct mi_idx it) NestLoop(mc ct mi_idx it t) Leading((((mc ct) (mi_idx it)) t)) */
"['distributors', 'votes', '%9%', '%9%', '%D%']",1,median,184.33427810668945,327.84557342529297,0.5396856,12,/*+  SeqScan(mc) SeqScan(ct) SeqScan(mi_idx) SeqScan(it) IndexScan(t title_pkey) HashJoin(mc ct) HashJoin(mi_idx it) HashJoin(mc ct mi_idx it) NestLoop(mc ct mi_idx it t) Leading((((mc ct) (mi_idx it)) t)) */
"['distributors', 'votes', '%4%', '%(%', '%r%']",1,median,394.606351852417,572.577714920044,0.54731977,12,/*+  SeqScan(mc) SeqScan(ct) SeqScan(mi_idx) SeqScan(it) IndexScan(t title_pkey) HashJoin(mc ct) HashJoin(mi_idx it) HashJoin(mc ct mi_idx it) NestLoop(mc ct mi_idx it t) Leading((((mc ct) (mi_idx it)) t)) */
"['distributors', 'votes', '%7%', '%(%', '%c%']",1,median,372.10750579833984,552.5853633880615,0.5411605,12,/*+  SeqScan(mc) SeqScan(ct) SeqScan(mi_idx) SeqScan(it) IndexScan(t title_pkey) HashJoin(mc ct) HashJoin(mi_idx it) HashJoin(mc ct mi_idx it) NestLoop(mc ct mi_idx it t) Leading((((mc ct) (mi_idx it)) t)) */
"['distributors', 'rating', '%r%', '%(%', '%g%']",1,median,257.86495208740234,410.4428291320801,0.5375469,12,/*+  SeqScan(mc) SeqScan(ct) SeqScan(mi_idx) SeqScan(it) IndexScan(t title_pkey) HashJoin(mc ct) HashJoin(mi_idx it) HashJoin(mc ct mi_idx it) NestLoop(mc ct mi_idx it t) Leading((((mc ct) (mi_idx it)) t)) */
"['distributors', 'rating', '%i%', '%h%', '%)%']",1,median,254.6699047088623,402.0276069641113,0.5509829,12,/*+  SeqScan(mc) SeqScan(ct) SeqScan(mi_idx) SeqScan(it) IndexScan(t title_pkey) HashJoin(mc ct) HashJoin(mi_idx it) HashJoin(mc ct mi_idx it) NestLoop(mc ct mi_idx it t) Leading((((mc ct) (mi_idx it)) t)) */
"['production companies', 'votes', '%w%', '%c%', '%B%']",1,median,119.01569366455078,242.3856258392334,0.5310103,12,/*+  SeqScan(mc) SeqScan(ct) SeqScan(mi_idx) SeqScan(it) IndexScan(t title_pkey) HashJoin(mc ct) HashJoin(mi_idx it) HashJoin(mc ct mi_idx it) NestLoop(mc ct mi_idx it t) Leading((((mc ct) (mi_idx it)) t)) */
"['distributors', 'votes distribution', '%0%', '%e%', '%b%']",1,median,260.79416275024414,397.8116512298584,0.5440206,12,/*+  SeqScan(mc) SeqScan(ct) SeqScan(mi_idx) SeqScan(it) IndexScan(t title_pkey) HashJoin(mc ct) HashJoin(mi_idx it) HashJoin(mc ct mi_idx it) NestLoop(mc ct mi_idx it t) Leading((((mc ct) (mi_idx it)) t)) */
"['distributors', 'votes', '%A%', '%n%', '%i%']",1,median,223.2494354248047,367.0072555541992,0.5335888,12,/*+  SeqScan(mc) SeqScan(ct) SeqScan(mi_idx) SeqScan(it) IndexScan(t title_pkey) HashJoin(mc ct) HashJoin(mi_idx it) HashJoin(mc ct mi_idx it) NestLoop(mc ct mi_idx it t) Leading((((mc ct) (mi_idx it)) t)) */
"['distributors', 'votes distribution', '%i%', '%R%', '%O%']",1,median,106.96172714233398,227.76103019714355,0.5469536,12,/*+  SeqScan(mc) SeqScan(ct) SeqScan(mi_idx) SeqScan(it) IndexScan(t title_pkey) HashJoin(mc ct) HashJoin(mi_idx it) HashJoin(mc ct mi_idx it) NestLoop(mc ct mi_idx it t) Leading((((mc ct) (mi_idx it)) t)) */
"['production companies', 'votes distribution', '%d%', '%o%', '%S%']",1,median,120.55850028991699,240.81897735595703,0.5118475,12,/*+  SeqScan(mc) SeqScan(ct) SeqScan(mi_idx) SeqScan(it) IndexScan(t title_pkey) HashJoin(mc ct) HashJoin(mi_idx it) HashJoin(mc ct mi_idx it) NestLoop(mc ct mi_idx it t) Leading((((mc ct) (mi_idx it)) t)) */
"['distributors', 'votes distribution', '%l%', '%c%', '%a%']",1,median,140.93399047851562,268.80621910095215,0.53538096,12,/*+  SeqScan(mc) SeqScan(ct) SeqScan(mi_idx) SeqScan(it) IndexScan(t title_pkey) HashJoin(mc ct) HashJoin(mi_idx it) HashJoin(mc ct mi_idx it) NestLoop(mc ct mi_idx it t) Leading((((mc ct) (mi_idx it)) t)) */
"['distributors', 'votes distribution', '%2%', '%)%', '%3%']",1,median,345.5157279968262,500.95438957214355,0.53485656,12,/*+  SeqScan(mc) SeqScan(ct) SeqScan(mi_idx) SeqScan(it) IndexScan(t title_pkey) HashJoin(mc ct) HashJoin(mi_idx it) HashJoin(mc ct mi_idx it) NestLoop(mc ct mi_idx it t) Leading((((mc ct) (mi_idx it)) t)) */
"['distributors', 'votes distribution', '%-%', '%s%', '%)%']",1,median,440.66452980041504,623.5544681549072,0.5508035,12,/*+  SeqScan(mc) SeqScan(ct) SeqScan(mi_idx) SeqScan(it) IndexScan(t title_pkey) HashJoin(mc ct) HashJoin(mi_idx it) HashJoin(mc ct mi_idx it) NestLoop(mc ct mi_idx it t) Leading((((mc ct) (mi_idx it)) t)) */
"['distributors', 'votes distribution', '%-%', '%1%', '%l%']",1,median,373.0626106262207,536.3373756408691,0.54353267,12,/*+  SeqScan(mc) SeqScan(ct) SeqScan(mi_idx) SeqScan(it) IndexScan(t title_pkey) HashJoin(mc ct) HashJoin(mi_idx it) HashJoin(mc ct mi_idx it) NestLoop(mc ct mi_idx it t) Leading((((mc ct) (mi_idx it)) t)) */
"['production companies', 'rating', '%s%', '%s%', '%7%']",1,median,98.27709197998047,213.01031112670898,0.52427274,12,/*+  SeqScan(mc) SeqScan(ct) SeqScan(mi_idx) SeqScan(it) IndexScan(t title_pkey) HashJoin(mc ct) HashJoin(mi_idx it) HashJoin(mc ct mi_idx it) NestLoop(mc ct mi_idx it t) Leading((((mc ct) (mi_idx it)) t)) */
"['distributors', 'rating', '%n%', '%r%', '%(%']",1,median,340.6682014465332,507.7686309814453,0.54198855,12,/*+  SeqScan(mc) SeqScan(ct) SeqScan(mi_idx) SeqScan(it) IndexScan(t title_pkey) HashJoin(mc ct) HashJoin(mi_idx it) HashJoin(mc ct mi_idx it) NestLoop(mc ct mi_idx it t) Leading((((mc ct) (mi_idx it)) t)) */
"['production companies', 'votes', '%P%', '%a%', '%P%']",1,median,123.62408638000488,240.81778526306152,0.5238074,12,/*+  SeqScan(mc) SeqScan(ct) SeqScan(mi_idx) SeqScan(it) IndexScan(t title_pkey) HashJoin(mc ct) HashJoin(mi_idx it) HashJoin(mc ct mi_idx it) NestLoop(mc ct mi_idx it t) Leading((((mc ct) (mi_idx it)) t)) */
"['distributors', 'rating', '%U%', '%)%', '%S%']",1,median,223.01530838012695,372.90215492248535,0.5315881,12,/*+  SeqScan(mc) SeqScan(ct) SeqScan(mi_idx) SeqScan(it) IndexScan(t title_pkey) HashJoin(mc ct) HashJoin(mi_idx it) HashJoin(mc ct mi_idx it) NestLoop(mc ct mi_idx it t) Leading((((mc ct) (mi_idx it)) t)) */
"['production companies', 'rating', '%H%', '%e%', '%t%']",1,median,134.4902515411377,250.73981285095215,0.5265867,12,/*+  SeqScan(mc) SeqScan(ct) SeqScan(mi_idx) SeqScan(it) IndexScan(t title_pkey) HashJoin(mc ct) HashJoin(mi_idx it) HashJoin(mc ct mi_idx it) NestLoop(mc ct mi_idx it t) Leading((((mc ct) (mi_idx it)) t)) */
"['distributors', 'rating', '%9%', '%t%', '%o%']",1,median,142.89546012878418,273.928165435791,0.52815896,12,/*+  SeqScan(mc) SeqScan(ct) SeqScan(mi_idx) SeqScan(it) IndexScan(t title_pkey) HashJoin(mc ct) HashJoin(mi_idx it) HashJoin(mc ct mi_idx it) NestLoop(mc ct mi_idx it t) Leading((((mc ct) (mi_idx it)) t)) */
"['distributors', 'votes distribution', '%0%', '%a%', '%h%']",1,median,279.4630527496338,424.1678714752197,0.54482305,12,/*+  SeqScan(mc) SeqScan(ct) SeqScan(mi_idx) SeqScan(it) IndexScan(t title_pkey) HashJoin(mc ct) HashJoin(mi_idx it) HashJoin(mc ct mi_idx it) NestLoop(mc ct mi_idx it t) Leading((((mc ct) (mi_idx it)) t)) */
"['production companies', 'votes', '%M%', '%t%', '%o%']",1,median,130.00750541687012,254.91881370544434,0.5333165,12,/*+  SeqScan(mc) SeqScan(ct) SeqScan(mi_idx) SeqScan(it) IndexScan(t title_pkey) HashJoin(mc ct) HashJoin(mi_idx it) HashJoin(mc ct mi_idx it) NestLoop(mc ct mi_idx it t) Leading((((mc ct) (mi_idx it)) t)) */
"['distributors', 'rating', '%1%', '%)%', '%9%']",1,median,211.3642692565918,360.66508293151855,0.5391464,12,/*+  SeqScan(mc) SeqScan(ct) SeqScan(mi_idx) SeqScan(it) IndexScan(t title_pkey) HashJoin(mc ct) HashJoin(mi_idx it) HashJoin(mc ct mi_idx it) NestLoop(mc ct mi_idx it t) Leading((((mc ct) (mi_idx it)) t)) */
"['distributors', 'votes distribution', '%o%', '%F%', '%(%']",1,median,392.03906059265137,561.530351638794,0.54382944,12,/*+  SeqScan(mc) SeqScan(ct) SeqScan(mi_idx) SeqScan(it) IndexScan(t title_pkey) HashJoin(mc ct) HashJoin(mi_idx it) HashJoin(mc ct mi_idx it) NestLoop(mc ct mi_idx it t) Leading((((mc ct) (mi_idx it)) t)) */
"['distributors', 'votes', '%0%', '%d%', '%n%']",1,median,214.70046043395996,350.0351905822754,0.53929055,12,/*+  SeqScan(mc) SeqScan(ct) SeqScan(mi_idx) SeqScan(it) IndexScan(t title_pkey) HashJoin(mc ct) HashJoin(mi_idx it) HashJoin(mc ct mi_idx it) NestLoop(mc ct mi_idx it t) Leading((((mc ct) (mi_idx it)) t)) */
"['production companies', 'rating', '%(%', '%s%', '%H%']",1,median,85.63089370727539,206.50148391723633,0.5135341,12,/*+  SeqScan(mc) SeqScan(ct) SeqScan(mi_idx) SeqScan(it) IndexScan(t title_pkey) HashJoin(mc ct) HashJoin(mi_idx it) HashJoin(mc ct mi_idx it) NestLoop(mc ct mi_idx it t) Leading((((mc ct) (mi_idx it)) t)) */
"['distributors', 'votes', '%M%', '%)%', '%(%']",1,median,439.84246253967285,628.0319690704346,0.5505078,12,/*+  SeqScan(mc) SeqScan(ct) SeqScan(mi_idx) SeqScan(it) IndexScan(t title_pkey) HashJoin(mc ct) HashJoin(mi_idx it) HashJoin(mc ct mi_idx it) NestLoop(mc ct mi_idx it t) Leading((((mc ct) (mi_idx it)) t)) */
"['distributors', 'rating', '%W%', '%)%', '%)%']",1,median,430.86767196655273,621.030330657959,0.5491873,12,/*+  SeqScan(mc) SeqScan(ct) SeqScan(mi_idx) SeqScan(it) IndexScan(t title_pkey) HashJoin(mc ct) HashJoin(mi_idx it) HashJoin(mc ct mi_idx it) NestLoop(mc ct mi_idx it t) Leading((((mc ct) (mi_idx it)) t)) */
"['distributors', 'rating', '%e%', '%i%', '%t%']",1,median,151.2928009033203,272.4792957305908,0.52739966,12,/*+  SeqScan(mc) SeqScan(ct) SeqScan(mi_idx) SeqScan(it) IndexScan(t title_pkey) HashJoin(mc ct) HashJoin(mi_idx it) HashJoin(mc ct mi_idx it) NestLoop(mc ct mi_idx it t) Leading((((mc ct) (mi_idx it)) t)) */
"['distributors', 'rating', '%o%', '%G%', '%s%']",1,median,169.36111450195312,301.3195991516113,0.52854514,12,/*+  SeqScan(mc) SeqScan(ct) SeqScan(mi_idx) SeqScan(it) IndexScan(t title_pkey) HashJoin(mc ct) HashJoin(mi_idx it) HashJoin(mc ct mi_idx it) NestLoop(mc ct mi_idx it t) Leading((((mc ct) (mi_idx it)) t)) */
"['distributors', 'rating', '%r%', '%y%', '%(%']",1,median,258.23187828063965,410.15172004699707,0.54280066,12,/*+  SeqScan(mc) SeqScan(ct) SeqScan(mi_idx) SeqScan(it) IndexScan(t title_pkey) HashJoin(mc ct) HashJoin(mi_idx it) HashJoin(mc ct mi_idx it) NestLoop(mc ct mi_idx it t) Leading((((mc ct) (mi_idx it)) t)) */
"['distributors', 'rating', '%s%', '%)%', '%r%']",1,median,385.2429389953613,554.7010898590088,0.5377446,12,/*+  SeqScan(mc) SeqScan(ct) SeqScan(mi_idx) SeqScan(it) IndexScan(t title_pkey) HashJoin(mc ct) HashJoin(mi_idx it) HashJoin(mc ct mi_idx it) NestLoop(mc ct mi_idx it t) Leading((((mc ct) (mi_idx it)) t)) */
"['distributors', 'votes distribution', '%s%', '%(%', '%)%']",1,median,389.31727409362793,556.4675331115723,0.5409742,12,/*+  SeqScan(mc) SeqScan(ct) SeqScan(mi_idx) SeqScan(it) IndexScan(t title_pkey) HashJoin(mc ct) HashJoin(mi_idx it) HashJoin(mc ct mi_idx it) NestLoop(mc ct mi_idx it t) Leading((((mc ct) (mi_idx it)) t)) */
"['production companies', 'votes distribution', '%c%', '%P%', '%P%']",1,median,100.97837448120117,216.04132652282715,0.5119832,12,/*+  SeqScan(mc) SeqScan(ct) SeqScan(mi_idx) SeqScan(it) IndexScan(t title_pkey) HashJoin(mc ct) HashJoin(mi_idx it) HashJoin(mc ct mi_idx it) NestLoop(mc ct mi_idx it t) Leading((((mc ct) (mi_idx it)) t)) */
"['distributors', 'rating', '%H%', '%5%', '%(%']",1,median,411.44800186157227,587.8832340240479,0.5379541,12,/*+  SeqScan(mc) SeqScan(ct) SeqScan(mi_idx) SeqScan(it) IndexScan(t title_pkey) HashJoin(mc ct) HashJoin(mi_idx it) HashJoin(mc ct mi_idx it) NestLoop(mc ct mi_idx it t) Leading((((mc ct) (mi_idx it)) t)) */
"['distributors', 'votes', '%0%', '%t%', '%t%']",1,median,238.2204532623291,375.35715103149414,0.54851913,12,/*+  SeqScan(mc) SeqScan(ct) SeqScan(mi_idx) SeqScan(it) IndexScan(t title_pkey) HashJoin(mc ct) HashJoin(mi_idx it) HashJoin(mc ct mi_idx it) NestLoop(mc ct mi_idx it t) Leading((((mc ct) (mi_idx it)) t)) */
"['distributors', 'rating', '%d%', '%h%', '%1%']",1,median,323.8508701324463,474.2293357849121,0.53200084,12,/*+  SeqScan(mc) SeqScan(ct) SeqScan(mi_idx) SeqScan(it) IndexScan(t title_pkey) HashJoin(mc ct) HashJoin(mi_idx it) HashJoin(mc ct mi_idx it) NestLoop(mc ct mi_idx it t) Leading((((mc ct) (mi_idx it)) t)) */
"['distributors', 'votes distribution', '%b%', '%l%', '%b%']",1,median,302.34694480895996,449.33104515075684,0.5421863,12,/*+  SeqScan(mc) SeqScan(ct) SeqScan(mi_idx) SeqScan(it) IndexScan(t title_pkey) HashJoin(mc ct) HashJoin(mi_idx it) HashJoin(mc ct mi_idx it) NestLoop(mc ct mi_idx it t) Leading((((mc ct) (mi_idx it)) t)) */
"['production companies', 'votes distribution', '%(%', '%o%', '%r%']",1,median,87.99481391906738,206.50553703308105,0.5235329,12,/*+  SeqScan(mc) SeqScan(ct) SeqScan(mi_idx) SeqScan(it) IndexScan(t title_pkey) HashJoin(mc ct) HashJoin(mi_idx it) HashJoin(mc ct mi_idx it) NestLoop(mc ct mi_idx it t) Leading((((mc ct) (mi_idx it)) t)) */
"['production companies', 'votes', '%f%', '%i%', '%o%']",1,median,129.84824180603027,249.15432929992676,0.53031427,12,/*+  SeqScan(mc) SeqScan(ct) SeqScan(mi_idx) SeqScan(it) IndexScan(t title_pkey) HashJoin(mc ct) HashJoin(mi_idx it) HashJoin(mc ct mi_idx it) NestLoop(mc ct mi_idx it t) Leading((((mc ct) (mi_idx it)) t)) */
"['distributors', 'votes', '%m%', '%(%', '%i%']",1,median,402.8811454772949,589.6978378295898,0.53365225,12,/*+  SeqScan(mc) SeqScan(ct) SeqScan(mi_idx) SeqScan(it) IndexScan(t title_pkey) HashJoin(mc ct) HashJoin(mi_idx it) HashJoin(mc ct mi_idx it) NestLoop(mc ct mi_idx it t) Leading((((mc ct) (mi_idx it)) t)) */
"['production companies', 'rating', '%i%', '%(%', '%(%']",1,median,108.22486877441406,236.5436553955078,0.5327149,12,/*+  SeqScan(mc) SeqScan(ct) SeqScan(mi_idx) SeqScan(it) IndexScan(t title_pkey) HashJoin(mc ct) HashJoin(mi_idx it) HashJoin(mc ct mi_idx it) NestLoop(mc ct mi_idx it t) Leading((((mc ct) (mi_idx it)) t)) */
"['distributors', 'votes', '%a%', '%c%', '%)%']",1,median,245.50676345825195,393.479585647583,0.5429452,12,/*+  SeqScan(mc) SeqScan(ct) SeqScan(mi_idx) SeqScan(it) IndexScan(t title_pkey) HashJoin(mc ct) HashJoin(mi_idx it) HashJoin(mc ct mi_idx it) NestLoop(mc ct mi_idx it t) Leading((((mc ct) (mi_idx it)) t)) */
"['distributors', 'rating', '%d%', '%E%', '%)%']",1,median,387.47477531433105,563.9572143554688,0.54113936,12,/*+  SeqScan(mc) SeqScan(ct) SeqScan(mi_idx) SeqScan(it) IndexScan(t title_pkey) HashJoin(mc ct) HashJoin(mi_idx it) HashJoin(mc ct mi_idx it) NestLoop(mc ct mi_idx it t) Leading((((mc ct) (mi_idx it)) t)) */
"['production companies', 'votes', '%)%', '%o%', '%i%']",1,median,86.78722381591797,212.84103393554688,0.5142296,12,/*+  SeqScan(mc) SeqScan(ct) SeqScan(mi_idx) SeqScan(it) IndexScan(t title_pkey) HashJoin(mc ct) HashJoin(mi_idx it) HashJoin(mc ct mi_idx it) NestLoop(mc ct mi_idx it t) Leading((((mc ct) (mi_idx it)) t)) */
"['distributors', 'votes distribution', '%e%', '%0%', '%e%']",1,median,183.06398391723633,314.6634101867676,0.52783126,12,/*+  SeqScan(mc) SeqScan(ct) SeqScan(mi_idx) SeqScan(it) IndexScan(t title_pkey) HashJoin(mc ct) HashJoin(mi_idx it) HashJoin(mc ct mi_idx it) NestLoop(mc ct mi_idx it t) Leading((((mc ct) (mi_idx it)) t)) */
"['production companies', 'votes distribution', '%e%', '%s%', '%O%']",1,median,110.05258560180664,225.783109664917,0.5057809,12,/*+  SeqScan(mc) SeqScan(ct) SeqScan(mi_idx) SeqScan(it) IndexScan(t title_pkey) HashJoin(mc ct) HashJoin(mi_idx it) HashJoin(mc ct mi_idx it) NestLoop(mc ct mi_idx it t) Leading((((mc ct) (mi_idx it)) t)) */
"['distributors', 'votes', '%l%', '%b%', '%r%']",1,median,128.6020278930664,252.760648727417,0.55163306,12,/*+  SeqScan(mc) SeqScan(ct) SeqScan(mi_idx) SeqScan(it) IndexScan(t title_pkey) HashJoin(mc ct) HashJoin(mi_idx it) HashJoin(mc ct mi_idx it) NestLoop(mc ct mi_idx it t) Leading((((mc ct) (mi_idx it)) t)) */
"['distributors', 'votes distribution', '%m%', '%)%', '%m%']",1,median,411.06653213500977,591.3059711456299,0.53227466,12,/*+  SeqScan(mc) SeqScan(ct) SeqScan(mi_idx) SeqScan(it) IndexScan(t title_pkey) HashJoin(mc ct) HashJoin(mi_idx it) HashJoin(mc ct mi_idx it) NestLoop(mc ct mi_idx it t) Leading((((mc ct) (mi_idx it)) t)) */
"['production companies', 'votes distribution', '%i%', '%u%', '%e%']",1,median,110.66222190856934,224.88856315612793,0.544705,12,/*+  SeqScan(mc) SeqScan(ct) SeqScan(mi_idx) SeqScan(it) IndexScan(t title_pkey) HashJoin(mc ct) HashJoin(mi_idx it) HashJoin(mc ct mi_idx it) NestLoop(mc ct mi_idx it t) Leading((((mc ct) (mi_idx it)) t)) */
"['distributors', 'votes', '%g%', '%e%', '%(%']",1,median,414.0431880950928,596.3635444641113,0.5537644,12,/*+  SeqScan(mc) SeqScan(ct) SeqScan(mi_idx) SeqScan(it) IndexScan(t title_pkey) HashJoin(mc ct) HashJoin(mi_idx it) HashJoin(mc ct mi_idx it) NestLoop(mc ct mi_idx it t) Leading((((mc ct) (mi_idx it)) t)) */
"['distributors', 'votes', '%l%', '%2%', '%(%']",1,median,263.0045413970947,412.03927993774414,0.5572586,12,/*+  SeqScan(mc) SeqScan(ct) SeqScan(mi_idx) SeqScan(it) IndexScan(t title_pkey) HashJoin(mc ct) HashJoin(mi_idx it) HashJoin(mc ct mi_idx it) NestLoop(mc ct mi_idx it t) Leading((((mc ct) (mi_idx it)) t)) */
"['distributors', 'votes distribution', '%a%', '%i%', '%)%']",1,median,256.0739517211914,396.60000801086426,0.5468923,12,/*+  SeqScan(mc) SeqScan(ct) SeqScan(mi_idx) SeqScan(it) IndexScan(t title_pkey) HashJoin(mc ct) HashJoin(mi_idx it) HashJoin(mc ct mi_idx it) NestLoop(mc ct mi_idx it t) Leading((((mc ct) (mi_idx it)) t)) */
"['production companies', 'votes distribution', '%e%', '%s%', '%s%']",1,median,106.34303092956543,222.54419326782227,0.5100558,12,/*+  SeqScan(mc) SeqScan(ct) SeqScan(mi_idx) SeqScan(it) IndexScan(t title_pkey) HashJoin(mc ct) HashJoin(mi_idx it) HashJoin(mc ct mi_idx it) NestLoop(mc ct mi_idx it t) Leading((((mc ct) (mi_idx it)) t)) */
"['distributors', 'votes distribution', '%i%', '%t%', '%t%']",1,median,115.20910263061523,232.17034339904785,0.5515651,12,/*+  SeqScan(mc) SeqScan(ct) SeqScan(mi_idx) SeqScan(it) IndexScan(t title_pkey) HashJoin(mc ct) HashJoin(mi_idx it) HashJoin(mc ct mi_idx it) NestLoop(mc ct mi_idx it t) Leading((((mc ct) (mi_idx it)) t)) */
"['distributors', 'votes', '%K%', '%)%', '%n%']",1,median,421.59318923950195,611.2189292907715,0.5415352,12,/*+  SeqScan(mc) SeqScan(ct) SeqScan(mi_idx) SeqScan(it) IndexScan(t title_pkey) HashJoin(mc ct) HashJoin(mi_idx it) HashJoin(mc ct mi_idx it) NestLoop(mc ct mi_idx it t) Leading((((mc ct) (mi_idx it)) t)) */
"['distributors', 'votes distribution', '%e%', '%)%', '%a%']",1,median,273.20027351379395,418.33972930908203,0.53726685,12,/*+  SeqScan(mc) SeqScan(ct) SeqScan(mi_idx) SeqScan(it) IndexScan(t title_pkey) HashJoin(mc ct) HashJoin(mi_idx it) HashJoin(mc ct mi_idx it) NestLoop(mc ct mi_idx it t) Leading((((mc ct) (mi_idx it)) t)) */
"['distributors', 'votes', '%5%', '%2%', '%U%']",1,median,328.98426055908203,489.6254539489746,0.5503432,12,/*+  SeqScan(mc) SeqScan(ct) SeqScan(mi_idx) SeqScan(it) IndexScan(t title_pkey) HashJoin(mc ct) HashJoin(mi_idx it) HashJoin(mc ct mi_idx it) NestLoop(mc ct mi_idx it t) Leading((((mc ct) (mi_idx it)) t)) */
"['distributors', 'votes', '%d%', '%a%', '%a%']",1,median,274.83391761779785,423.7334728240967,0.5463,12,/*+  SeqScan(mc) SeqScan(ct) SeqScan(mi_idx) SeqScan(it) IndexScan(t title_pkey) HashJoin(mc ct) HashJoin(mi_idx it) HashJoin(mc ct mi_idx it) NestLoop(mc ct mi_idx it t) Leading((((mc ct) (mi_idx it)) t)) */
"['production companies', 'votes distribution', '%t%', '%u%', '%F%']",1,median,106.65011405944824,220.34621238708496,0.52314436,12,/*+  SeqScan(mc) SeqScan(ct) SeqScan(mi_idx) SeqScan(it) IndexScan(t title_pkey) HashJoin(mc ct) HashJoin(mi_idx it) HashJoin(mc ct mi_idx it) NestLoop(mc ct mi_idx it t) Leading((((mc ct) (mi_idx it)) t)) */
"['distributors', 'votes', '%i%', '%""%', '%D%']",1,median,179.1090965270996,319.1819190979004,0.53977466,12,/*+  SeqScan(mc) SeqScan(ct) SeqScan(mi_idx) SeqScan(it) IndexScan(t title_pkey) HashJoin(mc ct) HashJoin(mi_idx it) HashJoin(mc ct mi_idx it) NestLoop(mc ct mi_idx it t) Leading((((mc ct) (mi_idx it)) t)) */
"['distributors', 'votes distribution', '%a%', '%l%', '%)%']",1,median,253.42273712158203,396.5437412261963,0.5490552,12,/*+  SeqScan(mc) SeqScan(ct) SeqScan(mi_idx) SeqScan(it) IndexScan(t title_pkey) HashJoin(mc ct) HashJoin(mi_idx it) HashJoin(mc ct mi_idx it) NestLoop(mc ct mi_idx it t) Leading((((mc ct) (mi_idx it)) t)) */
"['distributors', 'votes', '%d%', '%)%', '%(%']",1,median,383.5430145263672,556.6616058349609,0.55074257,12,/*+  SeqScan(mc) SeqScan(ct) SeqScan(mi_idx) SeqScan(it) IndexScan(t title_pkey) HashJoin(mc ct) HashJoin(mi_idx it) HashJoin(mc ct mi_idx it) NestLoop(mc ct mi_idx it t) Leading((((mc ct) (mi_idx it)) t)) */
"['production companies', 'votes', '%i%', '%)%', '%r%']",1,median,115.20242691040039,231.95600509643555,0.5399857,12,/*+  SeqScan(mc) SeqScan(ct) SeqScan(mi_idx) SeqScan(it) IndexScan(t title_pkey) HashJoin(mc ct) HashJoin(mi_idx it) HashJoin(mc ct mi_idx it) NestLoop(mc ct mi_idx it t) Leading((((mc ct) (mi_idx it)) t)) */
"['distributors', 'votes', '%l%', '%r%', '%u%']",1,median,131.5591335296631,252.25472450256348,0.55111814,12,/*+  SeqScan(mc) SeqScan(ct) SeqScan(mi_idx) SeqScan(it) IndexScan(t title_pkey) HashJoin(mc ct) HashJoin(mi_idx it) HashJoin(mc ct mi_idx it) NestLoop(mc ct mi_idx it t) Leading((((mc ct) (mi_idx it)) t)) */
"['distributors', 'votes distribution', '%i%', '%s%', '%1%']",1,median,196.80380821228027,331.71653747558594,0.54776424,12,/*+  SeqScan(mc) SeqScan(ct) SeqScan(mi_idx) SeqScan(it) IndexScan(t title_pkey) HashJoin(mc ct) HashJoin(mi_idx it) HashJoin(mc ct mi_idx it) NestLoop(mc ct mi_idx it t) Leading((((mc ct) (mi_idx it)) t)) */
"['distributors', 'rating', '%-%', '%G%', '%1%']",1,median,352.47039794921875,508.5339546203613,0.5297419,12,/*+  SeqScan(mc) SeqScan(ct) SeqScan(mi_idx) SeqScan(it) IndexScan(t title_pkey) HashJoin(mc ct) HashJoin(mi_idx it) HashJoin(mc ct mi_idx it) NestLoop(mc ct mi_idx it t) Leading((((mc ct) (mi_idx it)) t)) */
"['production companies', 'votes', '%c%', '%S%', '%t%']",1,median,106.62198066711426,227.55026817321777,0.54376334,12,/*+  SeqScan(mc) SeqScan(ct) SeqScan(mi_idx) SeqScan(it) IndexScan(t title_pkey) HashJoin(mc ct) HashJoin(mi_idx it) HashJoin(mc ct mi_idx it) NestLoop(mc ct mi_idx it t) Leading((((mc ct) (mi_idx it)) t)) */
"['production companies', 'rating', '%a%', '%t%', '%s%']",1,median,102.82182693481445,222.84436225891113,0.5266755,12,/*+  SeqScan(mc) SeqScan(ct) SeqScan(mi_idx) SeqScan(it) IndexScan(t title_pkey) HashJoin(mc ct) HashJoin(mi_idx it) HashJoin(mc ct mi_idx it) NestLoop(mc ct mi_idx it t) Leading((((mc ct) (mi_idx it)) t)) */
"['distributors', 'votes', '%1%', '%T%', '%(%']",1,median,209.58518981933594,351.85718536376953,0.5345643,12,/*+  SeqScan(mc) SeqScan(ct) SeqScan(mi_idx) SeqScan(it) IndexScan(t title_pkey) HashJoin(mc ct) HashJoin(mi_idx it) HashJoin(mc ct mi_idx it) NestLoop(mc ct mi_idx it t) Leading((((mc ct) (mi_idx it)) t)) */
"['production companies', 'rating', '%o%', '%n%', '%t%']",1,median,113.88826370239258,223.44064712524414,0.51600486,12,/*+  SeqScan(mc) SeqScan(ct) SeqScan(mi_idx) SeqScan(it) IndexScan(t title_pkey) HashJoin(mc ct) HashJoin(mi_idx it) HashJoin(mc ct mi_idx it) NestLoop(mc ct mi_idx it t) Leading((((mc ct) (mi_idx it)) t)) */
"['distributors', 'votes', '%d%', '%D%', '%0%']",1,median,214.80703353881836,350.2652645111084,0.5383703,12,/*+  SeqScan(mc) SeqScan(ct) SeqScan(mi_idx) SeqScan(it) IndexScan(t title_pkey) HashJoin(mc ct) HashJoin(mi_idx it) HashJoin(mc ct mi_idx it) NestLoop(mc ct mi_idx it t) Leading((((mc ct) (mi_idx it)) t)) */
"['distributors', 'votes', '%0%', '%0%', '%e%']",1,median,253.29041481018066,402.8778076171875,0.5371392,12,/*+  SeqScan(mc) SeqScan(ct) SeqScan(mi_idx) SeqScan(it) IndexScan(t title_pkey) HashJoin(mc ct) HashJoin(mi_idx it) HashJoin(mc ct mi_idx it) NestLoop(mc ct mi_idx it t) Leading((((mc ct) (mi_idx it)) t)) */
"['distributors', 'votes', '%A%', '%a%', '%V%']",1,median,235.51559448242188,375.3683567047119,0.5457645,12,/*+  SeqScan(mc) SeqScan(ct) SeqScan(mi_idx) SeqScan(it) IndexScan(t title_pkey) HashJoin(mc ct) HashJoin(mi_idx it) HashJoin(mc ct mi_idx it) NestLoop(mc ct mi_idx it t) Leading((((mc ct) (mi_idx it)) t)) */
"['distributors', 'votes', '%v%', '%a%', '%o%']",1,median,321.63166999816895,482.36942291259766,0.54981726,12,/*+  SeqScan(mc) SeqScan(ct) SeqScan(mi_idx) SeqScan(it) IndexScan(t title_pkey) HashJoin(mc ct) HashJoin(mi_idx it) HashJoin(mc ct mi_idx it) NestLoop(mc ct mi_idx it t) Leading((((mc ct) (mi_idx it)) t)) */
"['distributors', 'votes', '%s%', '%a%', '%o%']",1,median,280.11631965637207,427.5021553039551,0.5466832,12,/*+  SeqScan(mc) SeqScan(ct) SeqScan(mi_idx) SeqScan(it) IndexScan(t title_pkey) HashJoin(mc ct) HashJoin(mi_idx it) HashJoin(mc ct mi_idx it) NestLoop(mc ct mi_idx it t) Leading((((mc ct) (mi_idx it)) t)) */
"['distributors', 'rating', '%l%', '%d%', '%9%']",1,median,192.10577011108398,328.5055160522461,0.54107374,12,/*+  SeqScan(mc) SeqScan(ct) SeqScan(mi_idx) SeqScan(it) IndexScan(t title_pkey) HashJoin(mc ct) HashJoin(mi_idx it) HashJoin(mc ct mi_idx it) NestLoop(mc ct mi_idx it t) Leading((((mc ct) (mi_idx it)) t)) */
"['distributors', 'votes', '%i%', '%9%', '%(%']",1,median,254.26721572875977,404.0200710296631,0.5553192,12,/*+  SeqScan(mc) SeqScan(ct) SeqScan(mi_idx) SeqScan(it) IndexScan(t title_pkey) HashJoin(mc ct) HashJoin(mi_idx it) HashJoin(mc ct mi_idx it) NestLoop(mc ct mi_idx it t) Leading((((mc ct) (mi_idx it)) t)) */
"['distributors', 'votes distribution', '%?%', '%t%', '%e%']",1,median,299.304723739624,447.890043258667,0.53544915,12,/*+  SeqScan(mc) SeqScan(ct) SeqScan(mi_idx) SeqScan(it) IndexScan(t title_pkey) HashJoin(mc ct) HashJoin(mi_idx it) HashJoin(mc ct mi_idx it) NestLoop(mc ct mi_idx it t) Leading((((mc ct) (mi_idx it)) t)) */
"['production companies', 'rating', '%)%', '%a%', '%e%']",1,median,94.33293342590332,209.6858024597168,0.51956534,12,/*+  SeqScan(mc) SeqScan(ct) SeqScan(mi_idx) SeqScan(it) IndexScan(t title_pkey) HashJoin(mc ct) HashJoin(mi_idx it) HashJoin(mc ct mi_idx it) NestLoop(mc ct mi_idx it t) Leading((((mc ct) (mi_idx it)) t)) */
"['distributors', 'votes', '%o%', '%)%', '%-%']",1,median,385.90002059936523,554.5828342437744,0.5433066,12,/*+  SeqScan(mc) SeqScan(ct) SeqScan(mi_idx) SeqScan(it) IndexScan(t title_pkey) HashJoin(mc ct) HashJoin(mi_idx it) HashJoin(mc ct mi_idx it) NestLoop(mc ct mi_idx it t) Leading((((mc ct) (mi_idx it)) t)) */
"['production companies', 'votes distribution', '%v%', ""%''%"", '%D%']",1,median,114.94827270507812,228.3334732055664,0.5140855,12,/*+  SeqScan(mc) SeqScan(ct) SeqScan(mi_idx) SeqScan(it) IndexScan(t title_pkey) HashJoin(mc ct) HashJoin(mi_idx it) HashJoin(mc ct mi_idx it) NestLoop(mc ct mi_idx it t) Leading((((mc ct) (mi_idx it)) t)) */
"['production companies', 'rating', '%a%', '%i%', '%e%']",1,median,106.78267478942871,225.5258560180664,0.52884626,12,/*+  SeqScan(mc) SeqScan(ct) SeqScan(mi_idx) SeqScan(it) IndexScan(t title_pkey) HashJoin(mc ct) HashJoin(mi_idx it) HashJoin(mc ct mi_idx it) NestLoop(mc ct mi_idx it t) Leading((((mc ct) (mi_idx it)) t)) */
"['distributors', 'votes', '%H%', '%e%', '%-%']",1,median,296.9834804534912,447.8797912597656,0.5439598,12,/*+  SeqScan(mc) SeqScan(ct) SeqScan(mi_idx) SeqScan(it) IndexScan(t title_pkey) HashJoin(mc ct) HashJoin(mi_idx it) HashJoin(mc ct mi_idx it) NestLoop(mc ct mi_idx it t) Leading((((mc ct) (mi_idx it)) t)) */
"['production companies', 'rating', '%r%', '%i%', '%r%']",1,median,101.19223594665527,221.71854972839355,0.5327315,12,/*+  SeqScan(mc) SeqScan(ct) SeqScan(mi_idx) SeqScan(it) IndexScan(t title_pkey) HashJoin(mc ct) HashJoin(mi_idx it) HashJoin(mc ct mi_idx it) NestLoop(mc ct mi_idx it t) Leading((((mc ct) (mi_idx it)) t)) */
"['distributors', 'votes distribution', '%5%', '%H%', '%T%']",1,median,212.4016284942627,342.83995628356934,0.5396845,12,/*+  SeqScan(mc) SeqScan(ct) SeqScan(mi_idx) SeqScan(it) IndexScan(t title_pkey) HashJoin(mc ct) HashJoin(mi_idx it) HashJoin(mc ct mi_idx it) NestLoop(mc ct mi_idx it t) Leading((((mc ct) (mi_idx it)) t)) */
"['production companies', 'votes distribution', '%b%', '%h%', '%h%']",1,median,114.46499824523926,227.81634330749512,0.5142912,12,/*+  SeqScan(mc) SeqScan(ct) SeqScan(mi_idx) SeqScan(it) IndexScan(t title_pkey) HashJoin(mc ct) HashJoin(mi_idx it) HashJoin(mc ct mi_idx it) NestLoop(mc ct mi_idx it t) Leading((((mc ct) (mi_idx it)) t)) */
"['distributors', 'votes distribution', '%e%', '%o%', '%8%']",1,median,155.45892715454102,275.73561668395996,0.527624,12,/*+  SeqScan(mc) SeqScan(ct) SeqScan(mi_idx) SeqScan(it) IndexScan(t title_pkey) HashJoin(mc ct) HashJoin(mi_idx it) HashJoin(mc ct mi_idx it) NestLoop(mc ct mi_idx it t) Leading((((mc ct) (mi_idx it)) t)) */
"['production companies', 'rating', '%D%', '%r%', '%a%']",1,median,137.35628128051758,259.46831703186035,0.5074465,12,/*+  SeqScan(mc) SeqScan(ct) SeqScan(mi_idx) SeqScan(it) IndexScan(t title_pkey) HashJoin(mc ct) HashJoin(mi_idx it) HashJoin(mc ct mi_idx it) NestLoop(mc ct mi_idx it t) Leading((((mc ct) (mi_idx it)) t)) */
"['distributors', 'votes', '%a%', '%s%', '%4%']",1,median,129.61387634277344,249.7844696044922,0.5447688,12,/*+  SeqScan(mc) SeqScan(ct) SeqScan(mi_idx) SeqScan(it) IndexScan(t title_pkey) HashJoin(mc ct) HashJoin(mi_idx it) HashJoin(mc ct mi_idx it) NestLoop(mc ct mi_idx it t) Leading((((mc ct) (mi_idx it)) t)) */
"['distributors', 'rating', '%5%', '%)%', '%s%']",1,median,376.3132095336914,558.2478046417236,0.53537405,12,/*+  SeqScan(mc) SeqScan(ct) SeqScan(mi_idx) SeqScan(it) IndexScan(t title_pkey) HashJoin(mc ct) HashJoin(mi_idx it) HashJoin(mc ct mi_idx it) NestLoop(mc ct mi_idx it t) Leading((((mc ct) (mi_idx it)) t)) */
"['production companies', 'votes distribution', '%s%', '%L%', '%a%']",1,median,105.13067245483398,221.29392623901367,0.53007585,12,/*+  SeqScan(mc) SeqScan(ct) SeqScan(mi_idx) SeqScan(it) IndexScan(t title_pkey) HashJoin(mc ct) HashJoin(mi_idx it) HashJoin(mc ct mi_idx it) NestLoop(mc ct mi_idx it t) Leading((((mc ct) (mi_idx it)) t)) */
"['distributors', 'votes distribution', '%i%', '%(%', '%1%']",1,median,256.685733795166,406.31937980651855,0.54408497,12,/*+  SeqScan(mc) SeqScan(ct) SeqScan(mi_idx) SeqScan(it) IndexScan(t title_pkey) HashJoin(mc ct) HashJoin(mi_idx it) HashJoin(mc ct mi_idx it) NestLoop(mc ct mi_idx it t) Leading((((mc ct) (mi_idx it)) t)) */
"['distributors', 'rating', '%o%', '%)%', '%e%']",1,median,383.868932723999,552.905797958374,0.5378657,12,/*+  SeqScan(mc) SeqScan(ct) SeqScan(mi_idx) SeqScan(it) IndexScan(t title_pkey) HashJoin(mc ct) HashJoin(mi_idx it) HashJoin(mc ct mi_idx it) NestLoop(mc ct mi_idx it t) Leading((((mc ct) (mi_idx it)) t)) */
"['production companies', 'votes', '%r%', '%t%', '%T%']",1,median,100.57282447814941,220.94058990478516,0.553506,12,/*+  SeqScan(mc) SeqScan(ct) SeqScan(mi_idx) SeqScan(it) IndexScan(t title_pkey) HashJoin(mc ct) HashJoin(mi_idx it) HashJoin(mc ct mi_idx it) NestLoop(mc ct mi_idx it t) Leading((((mc ct) (mi_idx it)) t)) */
"['production companies', 'rating', '%i%', '%l%', '%m%']",1,median,97.35822677612305,218.90974044799805,0.5165959,12,/*+  SeqScan(mc) SeqScan(ct) SeqScan(mi_idx) SeqScan(it) IndexScan(t title_pkey) HashJoin(mc ct) HashJoin(mi_idx it) HashJoin(mc ct mi_idx it) NestLoop(mc ct mi_idx it t) Leading((((mc ct) (mi_idx it)) t)) */
"['production companies', 'votes', '%i%', '%S%', '%t%']",1,median,104.77852821350098,224.59697723388672,0.5474073,12,/*+  SeqScan(mc) SeqScan(ct) SeqScan(mi_idx) SeqScan(it) IndexScan(t title_pkey) HashJoin(mc ct) HashJoin(mi_idx it) HashJoin(mc ct mi_idx it) NestLoop(mc ct mi_idx it t) Leading((((mc ct) (mi_idx it)) t)) */
"['distributors', 'votes distribution', '%?%', '%)%', '%S%']",1,median,424.63088035583496,609.6327304840088,0.53227466,12,/*+  SeqScan(mc) SeqScan(ct) SeqScan(mi_idx) SeqScan(it) IndexScan(t title_pkey) HashJoin(mc ct) HashJoin(mi_idx it) HashJoin(mc ct mi_idx it) NestLoop(mc ct mi_idx it t) Leading((((mc ct) (mi_idx it)) t)) */
